Region,SSP,Alpha_Rural,Beta_Rural,Alpha_Urban,Beta_Urban,Rural_Value,Urban_Value
Alaska,SSP2,0.6578098963244461,1.2820209161208584,1.729671168317672,2.0,190007.32239392304,164349.08098000856
