Region,SSP,Alpha_Rural,Beta_Rural,Alpha_Urban,Beta_Urban,Rural_Value,Urban_Value
Arkansas,SSP2,0.5119520280394176,0.8189982608587882,1.68988193271417,2.0,551967.0551073243,476423.1276897227
