Region,SSP,Alpha_Rural,Beta_Rural,Alpha_Urban,Beta_Urban,Rural_Value,Urban_Value
Hawaii,SSP2,0.18229327718091382,1.9999999995362245,1.0038262422586888,2.0,77399.64908646821,274827.8110264765
