Region,SSP,Alpha_Rural,Beta_Rural,Alpha_Urban,Beta_Urban,Rural_Value,Urban_Value
Iowa,SSP2,1.0585357131214312,0.08663670654121415,2.0,1.5607461399952554,371168.3798994347,390655.9764931853
