Region,SSP,Alpha_Rural,Beta_Rural,Alpha_Urban,Beta_Urban,Rural_Value,Urban_Value
Iowa,SSP2,0.5881087328847439,0.03399737005086887,1.8141759163578768,1.498344660591256,315169.718031107,462861.12113154406
