Region,SSP,Alpha_Rural,Beta_Rural,Alpha_Urban,Beta_Urban,Rural_Value,Urban_Value
Maine,SSP2,1.1668024337670644,0.08986349288827745,2.0,2.0,204915.3034110343,98342.32419695104
