Region,SSP,Alpha_Rural,Beta_Rural,Alpha_Urban,Beta_Urban,Rural_Value,Urban_Value
Nevada,SSP2,0.5249389260608874,0.5683918582252654,1.4801226551230429,0.29743273877528814,199708.99203955397,1013878.0748321221
