Region,SSP,Alpha_Rural,Beta_Rural,Alpha_Urban,Beta_Urban,Rural_Value,Urban_Value
Oklahoma,SSP2,0.5468161484989026,0.496580221690734,2.0,1.9999996680694838,574779.8071540629,569023.6532957441
