Region,SSP,Alpha_Rural,Beta_Rural,Alpha_Urban,Beta_Urban,Rural_Value,Urban_Value
Oregon,SSP2,0.440017548694663,0.42825156742093246,1.4002101229600041,2.0,264116.4739749274,631586.7540979568
