Region,SSP,Alpha_Rural,Beta_Rural,Alpha_Urban,Beta_Urban,Rural_Value,Urban_Value
Rhode Island,SSP2,-1.1077353621153696,1.9999999966334863,1.0070661290003373,0.45671478176687974,81612.96852552057,170636.19264924194
