Region,SSP,Alpha_Rural,Beta_Rural,Alpha_Urban,Beta_Urban,Rural_Value,Urban_Value
Rhode Island,SSP2,-0.3418832682340277,0.9964177369115578,2.0,0.4613135369248105,33571.74420846588,104690.23414502274
