Region,SSP,Alpha_Rural,Beta_Rural,Alpha_Urban,Beta_Urban,Rural_Value,Urban_Value
Texas,SSP2,0.7805470123145598,0.004520060963301299,1.2380036659220706,2.0,2274410.131358779,5857209.723689485
